,ID,Year_Birth,Education,Marital_Status,Income,Children,Dt_Customer_Year,Dt_Customer_Month,Recency,MntWines,MntFruits,MntMeatProducts,MntFishProducts,MntSweetProducts,MntGoldProds,NumDealsPurchases,NumWebPurchases,NumCatalogPurchases,NumStorePurchases,NumWebVisitsMonth,AcceptedCmp1,AcceptedCmp2,AcceptedCmp3,AcceptedCmp4,AcceptedCmp5,Complain,Response,AcceptedCmp
0,5899,1950,3.0,1.0,5648.0,2,2014,3,68,28,0,6,1,1,13,1,1,0,0,20,0,0,1,0,0,0,0,Cmp3
1,2114,1946,3.0,0.0,82800.0,0,2012,11,23,1006,22,115,59,68,45,1,7,6,12,3,1,0,0,0,1,0,1,"Cmp1, Cmp5"
2,6565,1949,2.0,2.0,76995.0,1,2013,3,91,1012,80,498,0,16,176,2,11,4,9,5,1,0,0,0,0,0,0,Cmp1
3,1993,1949,3.0,2.0,58607.0,1,2012,12,63,867,0,86,0,0,19,3,2,3,9,8,0,0,0,1,0,0,0,Cmp4
4,1966,1965,3.0,2.0,84618.0,0,2013,11,96,684,100,801,21,66,0,1,6,9,10,2,0,0,0,0,1,0,0,Cmp5
5,5710,1970,1.0,1.0,40548.0,1,2012,10,31,110,0,5,2,0,3,2,2,1,4,5,0,0,0,1,0,0,0,Cmp4
6,2968,1943,3.0,0.0,48948.0,0,2013,2,53,437,8,206,160,49,42,2,7,10,5,6,0,0,1,0,0,0,1,Cmp3
7,2225,1977,1.0,0.0,82582.0,0,2014,6,54,510,120,550,156,40,241,1,4,9,7,1,1,0,1,0,0,0,1,"Cmp1, Cmp3"
8,6260,1955,2.0,1.0,82384.0,0,2012,11,55,984,51,432,180,120,190,1,3,10,13,1,0,0,0,0,1,0,1,Cmp5
9,6853,1982,2.0,0.0,75777.0,0,2013,7,12,712,26,538,69,13,80,1,3,6,11,1,0,0,0,1,1,0,1,"Cmp4, Cmp5"
10,9369,1979,2.0,0.0,88194.0,1,2014,3,19,688,14,309,201,24,38,1,11,10,10,5,1,0,1,0,0,0,1,"Cmp1, Cmp3"
11,8132,1975,3.0,2.0,60631.0,2,2013,4,88,565,6,65,0,6,19,5,9,2,8,7,0,0,0,1,0,0,0,Cmp4
12,7503,1976,1.0,0.0,75825.0,0,2012,10,40,1032,105,779,137,105,51,0,5,8,9,4,0,0,1,0,0,0,1,Cmp3
13,1618,1965,1.0,1.0,56046.0,0,2013,1,9,577,0,64,0,0,51,2,10,1,8,8,0,0,1,0,0,0,1,Cmp3
14,273,1970,2.0,2.0,36138.0,2,2013,7,48,130,0,16,0,0,5,5,3,1,4,7,0,0,0,1,0,0,0,Cmp4
15,4452,1957,1.0,0.0,50388.0,1,2014,5,3,292,6,37,0,3,34,4,6,1,6,7,1,0,0,1,0,0,1,"Cmp1, Cmp4"
16,8504,1973,1.0,2.0,79593.0,0,2014,5,70,350,60,568,110,133,145,1,5,6,7,2,0,0,0,0,1,0,0,Cmp5
17,7247,1960,1.0,0.0,47916.0,1,2012,11,72,505,0,26,0,0,75,5,7,4,6,6,0,0,0,1,0,0,0,Cmp4
18,4646,1951,2.0,2.0,78497.0,0,2013,12,44,207,26,447,75,0,223,1,5,7,12,2,1,0,0,0,0,0,0,Cmp1
19,7431,1991,3.0,0.0,68126.0,0,2012,11,40,1332,17,311,23,51,86,1,7,4,5,9,0,0,0,1,0,0,1,Cmp4
20,3267,1963,2.0,1.0,57288.0,1,2014,6,27,527,0,21,0,0,60,3,8,1,8,6,0,0,0,1,0,0,0,Cmp4
21,999,1991,1.0,0.0,86037.0,0,2013,1,95,490,44,125,29,20,22,1,6,7,11,3,0,0,0,1,1,0,1,"Cmp4, Cmp5"
22,1592,1970,1.0,2.0,90765.0,0,2014,1,25,547,99,812,151,82,33,0,4,6,5,1,1,0,0,0,1,0,0,"Cmp1, Cmp5"
23,7215,1983,1.0,0.0,101970.0,0,2013,3,69,722,27,102,44,72,168,0,6,8,13,2,1,0,0,1,1,0,1,"Cmp1, Cmp4, Cmp5"
24,1685,1967,3.0,1.0,62981.0,0,2013,3,21,796,14,590,38,44,0,1,4,5,13,3,0,0,0,1,0,0,0,Cmp4
25,7660,1973,3.0,0.0,35860.0,2,2014,5,37,15,0,8,4,2,20,2,1,1,2,5,0,0,1,0,0,0,1,Cmp3
26,7987,1969,1.0,2.0,65747.0,1,2014,3,96,346,17,48,23,13,13,4,8,1,6,6,0,0,0,1,0,0,0,Cmp4
27,10240,1949,1.0,1.0,69372.0,0,2013,2,10,997,26,269,34,13,42,1,10,4,6,4,0,0,0,1,1,0,1,"Cmp4, Cmp5"
28,10573,1953,1.0,0.0,62551.0,0,2013,11,27,125,16,98,134,21,27,1,6,7,4,3,0,0,1,0,0,0,0,Cmp3
29,3712,1959,1.0,0.0,52332.0,0,2013,8,63,212,5,33,7,0,2,1,3,2,6,4,0,0,0,1,0,0,0,Cmp4
30,641,1967,1.0,0.0,52074.0,1,2014,4,77,59,0,12,0,0,48,1,2,2,2,4,0,0,1,0,0,0,0,Cmp3
31,10314,1948,3.0,2.0,83837.0,0,2012,12,79,847,66,119,86,89,111,1,9,10,5,4,1,0,0,1,0,0,1,"Cmp1, Cmp4"
32,6935,1951,2.0,2.0,78497.0,0,2013,12,44,207,26,447,75,0,223,1,5,7,12,2,1,0,0,0,0,0,0,Cmp1
33,9733,1978,0.0,1.0,24882.0,1,2012,9,52,1,4,10,29,0,36,1,1,1,2,6,0,0,1,0,0,0,0,Cmp3
34,9938,1954,1.0,2.0,80067.0,0,2013,9,82,519,17,813,27,173,51,1,4,6,6,2,0,0,0,0,1,0,0,Cmp5
35,3182,1973,3.0,0.0,46854.0,2,2014,3,81,96,1,79,7,1,79,6,5,1,3,8,0,0,1,0,0,0,1,Cmp3
36,7300,1952,1.0,0.0,69142.0,1,2014,6,50,448,4,34,6,4,39,3,8,1,7,5,0,0,0,1,0,0,0,Cmp4
37,2798,1977,3.0,1.0,102160.0,0,2012,11,54,763,29,138,76,176,58,0,7,9,10,4,1,0,0,1,1,0,1,"Cmp1, Cmp4, Cmp5"
38,624,1984,2.0,0.0,18890.0,0,2012,11,5,6,4,1,7,2,15,1,0,1,2,6,0,0,1,0,0,0,1,Cmp3
39,5176,1988,1.0,1.0,29604.0,1,2013,12,88,7,6,13,7,6,14,1,1,0,3,9,0,0,1,0,0,0,0,Cmp3
40,380,1954,1.0,0.0,64497.0,1,2012,9,17,1170,48,320,42,32,192,5,11,4,9,8,0,0,1,0,0,0,1,Cmp3
41,6274,1948,2.0,2.0,83790.0,0,2013,11,81,1076,16,417,42,48,16,1,8,10,6,3,0,0,0,1,1,0,0,"Cmp4, Cmp5"
42,5341,1962,2.0,0.0,81975.0,1,2013,1,2,983,76,184,180,138,27,1,6,3,4,7,0,0,0,0,1,0,0,Cmp5
43,313,1968,1.0,0.0,73455.0,0,2013,10,98,901,61,757,186,163,20,1,6,5,10,3,0,0,0,1,0,0,0,Cmp4
44,9529,1990,1.0,2.0,73687.0,0,2013,11,8,559,153,503,218,13,181,1,3,9,9,2,1,0,0,0,0,0,1,Cmp1
45,2176,1972,1.0,2.0,80134.0,1,2013,5,40,1218,16,272,104,0,80,2,5,3,6,6,1,0,0,1,1,0,1,"Cmp1, Cmp4, Cmp5"
46,10089,1974,1.0,0.0,102692.0,0,2013,4,5,168,148,444,32,172,148,1,6,9,13,2,1,1,0,1,1,0,1,"Cmp1, Cmp2, Cmp4, Cmp5"
47,309,1961,3.0,1.0,63342.0,1,2012,10,48,918,21,118,13,10,21,3,8,3,5,6,0,0,0,1,0,0,0,Cmp4
48,10264,1979,1.0,0.0,15287.0,1,2012,10,60,1,2,8,4,3,13,2,1,1,2,7,0,0,1,0,0,0,1,Cmp3
49,1225,1963,1.0,2.0,80124.0,0,2014,6,47,483,84,398,205,84,241,1,3,7,8,1,0,0,1,0,0,0,0,Cmp3
50,9703,1970,3.0,2.0,38097.0,2,2012,10,70,77,2,35,0,1,69,4,3,2,2,7,0,0,1,0,0,0,1,Cmp3
51,3762,1986,3.0,0.0,69867.0,0,2013,4,30,196,0,512,33,130,54,1,3,5,8,1,1,0,0,0,0,0,1,Cmp1
52,9262,1984,2.0,1.0,32414.0,0,2013,7,11,20,6,5,0,9,12,1,1,0,3,7,0,0,1,0,0,0,0,Cmp3
53,4543,1980,1.0,2.0,82497.0,0,2012,10,32,777,129,573,216,21,203,1,2,7,9,4,0,0,0,0,1,0,0,Cmp5
54,2926,1952,2.0,1.0,55951.0,1,2012,8,62,1241,0,80,0,13,40,3,3,6,11,8,0,1,0,1,0,0,0,"Cmp2, Cmp4"
55,3924,1965,3.0,0.0,57912.0,1,2014,3,34,801,0,80,0,0,35,5,8,3,12,5,0,0,0,1,0,0,0,Cmp4
56,9274,1961,2.0,2.0,80950.0,0,2013,3,44,525,147,112,219,147,63,1,6,7,9,2,1,0,0,0,0,0,0,Cmp1
57,6963,1947,1.0,0.0,77457.0,0,2014,3,85,675,11,400,15,45,11,1,2,5,10,1,0,0,0,0,1,0,0,Cmp5
58,4440,1964,2.0,2.0,64100.0,1,2013,9,93,509,0,27,0,0,10,1,8,3,6,7,0,0,0,1,0,0,0,Cmp4
59,2521,1971,2.0,2.0,35178.0,1,2013,1,10,23,1,13,2,2,18,1,1,1,2,7,0,0,1,0,0,0,1,Cmp3
60,7381,1968,1.0,0.0,75693.0,0,2012,12,10,797,153,293,72,97,30,1,11,4,6,4,1,0,0,1,1,0,1,"Cmp1, Cmp4, Cmp5"
61,9560,1965,1.0,1.0,83003.0,0,2013,3,18,856,61,570,40,25,122,1,7,6,8,3,0,0,0,0,1,0,1,Cmp5
62,1150,1899,3.0,1.0,83532.0,0,2013,9,36,755,144,562,104,64,224,1,4,6,4,1,0,0,0,0,1,0,0,Cmp5
63,9707,1969,3.0,2.0,55212.0,1,2012,11,65,1103,0,45,0,0,34,3,4,2,11,8,0,1,0,1,0,0,0,"Cmp2, Cmp4"
64,8234,1973,0.0,1.0,27190.0,1,2013,8,13,1,6,7,0,1,3,1,1,0,2,8,0,0,1,0,0,0,1,Cmp3
65,11030,1976,2.0,2.0,33181.0,1,2014,1,90,9,0,3,0,0,4,1,1,0,2,6,0,0,1,0,0,0,0,Cmp3
66,175,1986,1.0,2.0,71952.0,1,2013,1,93,656,80,455,52,107,93,2,8,4,8,4,0,0,1,0,1,0,0,"Cmp3, Cmp5"
67,2061,1955,1.0,2.0,50737.0,1,2013,5,61,78,0,11,0,0,10,1,2,0,4,6,0,0,0,1,0,0,0,Cmp4
68,7274,1957,1.0,2.0,78618.0,0,2012,9,87,736,163,818,212,163,61,1,4,7,10,2,0,0,0,1,0,0,0,Cmp4
69,2557,1970,2.0,0.0,29548.0,1,2013,8,52,7,1,6,3,1,11,1,1,1,2,4,0,0,1,0,0,0,0,Cmp3
70,1245,1966,1.0,0.0,63810.0,1,2012,11,45,977,12,253,16,12,101,4,4,3,12,8,0,0,0,1,0,0,0,Cmp4
71,1726,1970,1.0,0.0,22585.0,0,2013,3,23,3,9,15,13,2,39,1,1,1,2,9,0,0,1,0,0,0,1,Cmp3
72,6720,1968,2.0,1.0,43795.0,1,2013,10,11,314,11,53,4,3,107,3,7,3,4,7,0,0,0,1,0,0,1,Cmp4
73,8318,1979,1.0,1.0,90300.0,0,2014,1,7,594,134,786,33,134,57,0,5,6,8,1,0,0,0,0,1,0,0,Cmp5
74,2552,1955,3.0,0.0,55521.0,3,2013,10,11,416,0,26,0,0,4,9,6,3,6,7,0,0,0,1,0,0,1,Cmp4
75,7030,1955,3.0,2.0,66465.0,1,2013,3,1,1200,0,204,38,29,14,3,11,9,12,6,1,0,0,0,0,0,0,Cmp1
76,6504,1975,2.0,1.0,19789.0,1,2013,11,24,2,5,9,28,6,28,3,2,1,3,5,0,0,1,0,0,0,0,Cmp3
77,5067,1994,1.0,1.0,80134.0,0,2014,2,11,966,26,282,52,26,26,1,2,7,11,5,1,1,0,1,1,0,0,"Cmp1, Cmp2, Cmp4, Cmp5"
78,4216,1981,1.0,0.0,91065.0,0,2013,2,33,822,114,108,179,137,114,1,7,9,9,3,1,0,0,0,1,0,1,"Cmp1, Cmp5"
79,1361,1974,2.0,2.0,82584.0,0,2013,6,26,1076,68,103,29,91,68,1,3,4,8,1,0,0,0,1,1,0,1,"Cmp4, Cmp5"
80,6932,1941,3.0,2.0,93027.0,0,2013,4,77,1285,42,716,55,0,21,0,7,10,5,2,0,0,0,0,1,0,0,Cmp5
81,1340,1986,1.0,2.0,92910.0,0,2014,4,42,551,137,792,179,103,33,1,6,7,13,1,1,0,0,1,1,0,0,"Cmp1, Cmp4, Cmp5"
82,8746,1989,1.0,2.0,75433.0,1,2014,4,28,800,0,297,0,34,57,2,2,5,10,6,1,0,0,1,0,0,0,"Cmp1, Cmp4"
83,3725,1961,3.0,0.0,84865.0,0,2013,5,1,1248,16,349,43,16,16,1,2,4,9,4,1,1,0,1,1,0,1,"Cmp1, Cmp2, Cmp4, Cmp5"
84,1137,1964,1.0,0.0,81246.0,0,2013,12,87,398,190,537,61,156,37,1,4,5,7,1,1,0,1,0,0,0,0,"Cmp1, Cmp3"
85,4947,1966,2.0,0.0,89572.0,0,2012,9,44,606,24,974,197,194,64,1,7,7,9,4,1,0,0,1,0,0,1,"Cmp1, Cmp4"
86,3225,1984,2.0,2.0,42207.0,1,2013,4,71,116,11,72,3,17,46,4,4,1,5,6,0,0,1,0,0,0,1,Cmp3
87,1992,1964,1.0,2.0,60597.0,1,2014,1,2,522,0,257,32,16,66,4,2,2,8,7,1,0,0,0,0,0,1,Cmp1
88,7059,1963,1.0,2.0,80124.0,0,2014,6,47,483,84,398,205,84,241,1,3,7,8,1,0,0,1,0,0,0,0,Cmp3
89,7999,1955,3.0,1.0,75261.0,0,2013,4,17,1239,17,413,23,34,17,1,5,6,5,2,0,0,0,1,1,0,1,"Cmp4, Cmp5"
90,564,1981,3.0,1.0,56937.0,1,2012,8,81,746,8,125,11,8,8,7,8,6,9,6,0,0,0,1,0,0,1,Cmp4
91,8346,1974,1.0,0.0,32233.0,1,2012,8,26,138,15,35,25,11,72,2,6,2,2,9,0,0,1,0,0,0,1,Cmp3
92,10965,1955,1.0,1.0,76005.0,0,2013,2,72,983,20,389,240,50,40,1,3,5,13,6,1,0,0,0,0,0,0,Cmp1
93,6605,1944,3.0,0.0,55614.0,0,2013,11,85,504,13,131,8,0,26,1,9,4,6,7,0,0,0,1,0,0,0,Cmp4
94,9925,1981,3.0,1.0,39665.0,1,2013,5,97,127,1,56,0,1,31,3,4,2,3,7,0,0,1,0,0,0,0,Cmp3
95,5389,1964,1.0,2.0,48920.0,2,2013,10,93,238,17,68,8,10,6,3,6,2,5,7,0,0,0,1,0,0,0,Cmp4
96,6036,1959,2.0,1.0,89120.0,0,2014,3,78,1168,92,408,72,129,55,1,5,6,7,1,0,0,0,0,1,0,0,Cmp5
97,3711,1944,2.0,2.0,80184.0,0,2014,3,19,1035,134,670,25,38,0,1,6,3,10,3,1,0,0,0,1,0,0,"Cmp1, Cmp5"
98,2532,1987,2.0,0.0,73454.0,0,2014,3,95,982,73,351,56,14,175,1,2,4,6,5,0,0,1,0,0,0,0,Cmp3
99,4943,1953,1.0,2.0,70503.0,0,2012,9,73,1379,33,216,0,33,66,1,2,4,9,6,0,0,0,1,1,0,0,"Cmp4, Cmp5"
100,4769,1977,2.0,1.0,57954.0,2,2014,6,52,456,4,24,0,0,9,7,8,2,6,7,0,0,0,1,0,0,0,Cmp4
101,6931,1967,1.0,0.0,76982.0,0,2014,2,19,464,151,292,65,60,30,1,8,3,4,4,0,0,0,0,1,0,1,Cmp5
102,5547,1982,3.0,2.0,84169.0,0,2013,8,9,1478,19,403,0,19,0,1,7,6,6,3,0,0,0,1,1,0,1,"Cmp4, Cmp5"
103,9671,1968,1.0,2.0,19514.0,2,2014,1,47,14,3,21,2,1,28,4,3,1,2,8,0,0,1,0,0,0,1,Cmp3
104,5371,1989,1.0,0.0,21474.0,1,2014,4,0,6,16,24,11,0,34,2,3,1,2,7,0,0,1,0,0,0,1,Cmp3
105,8314,1982,1.0,2.0,79908.0,0,2013,4,30,557,129,761,29,185,111,1,5,6,7,2,0,0,0,0,1,0,0,Cmp5
106,3174,1959,1.0,1.0,87771.0,1,2013,5,61,1492,38,287,50,57,33,1,5,10,4,6,1,1,0,1,1,0,1,"Cmp1, Cmp2, Cmp4, Cmp5"
107,2574,1977,3.0,2.0,61996.0,1,2013,1,27,1050,12,144,0,0,24,3,6,4,8,5,1,1,0,1,0,0,1,"Cmp1, Cmp2, Cmp4"
108,5966,1974,3.0,2.0,45207.0,2,2012,11,64,203,0,10,0,0,2,5,3,1,6,6,0,0,0,1,0,0,0,Cmp4
109,9058,1955,1.0,0.0,79800.0,0,2012,9,65,1060,21,530,32,0,224,1,5,11,5,3,1,0,1,0,1,0,1,"Cmp1, Cmp3, Cmp5"
110,254,1955,1.0,1.0,53863.0,1,2014,5,4,399,4,30,6,4,30,3,7,1,7,7,0,0,0,1,0,0,0,Cmp4
111,7627,1975,2.0,2.0,92163.0,0,2012,12,25,817,183,797,106,163,20,0,5,11,5,2,1,0,0,0,1,0,1,"Cmp1, Cmp5"
112,988,1965,1.0,2.0,81168.0,0,2014,5,84,410,0,592,147,22,22,1,6,4,7,3,1,0,0,0,0,0,0,Cmp1
113,10972,1949,1.0,0.0,72298.0,0,2014,3,52,625,35,169,58,17,35,1,4,3,6,1,0,0,0,1,1,0,0,"Cmp4, Cmp5"
114,6583,1955,2.0,2.0,72635.0,0,2013,6,54,390,22,323,104,35,107,1,6,8,6,3,1,0,0,0,0,0,0,Cmp1
115,4376,1960,2.0,0.0,32218.0,0,2014,2,27,10,24,15,13,1,30,1,2,1,3,7,0,0,1,0,0,0,1,Cmp3
116,701,1971,1.0,2.0,73691.0,1,2013,11,58,707,21,250,85,43,73,2,6,2,8,2,0,0,1,0,0,0,0,Cmp3
117,2942,1964,1.0,0.0,45906.0,1,2013,5,20,305,3,27,4,3,144,2,5,4,4,5,0,0,1,0,0,0,0,Cmp3
118,1173,1947,2.0,1.0,77632.0,0,2013,3,73,1200,105,758,0,42,147,1,4,2,6,2,0,0,0,1,1,0,1,"Cmp4, Cmp5"
119,4611,1970,1.0,1.0,105471.0,0,2013,1,36,1009,181,104,202,21,207,0,9,8,13,3,1,0,0,0,1,0,1,"Cmp1, Cmp5"
120,4248,1960,2.0,0.0,98777.0,0,2014,2,23,1000,19,711,125,115,38,0,4,6,9,1,0,0,0,1,0,0,0,Cmp4
121,6940,1966,3.0,0.0,46734.0,3,2013,10,86,100,1,39,6,1,76,4,3,2,3,6,0,0,1,0,0,0,0,Cmp3
122,4673,1963,3.0,2.0,81300.0,1,2012,10,17,1004,12,145,32,12,36,3,10,3,5,5,1,0,0,0,0,0,1,Cmp1
123,8779,1985,2.0,2.0,36145.0,1,2013,6,13,56,4,76,17,1,18,4,4,1,3,9,0,0,1,0,0,0,1,Cmp3
124,10767,1989,3.0,1.0,77845.0,0,2014,5,40,760,40,480,0,40,26,1,3,5,12,1,1,0,0,0,1,0,0,"Cmp1, Cmp5"
125,7230,1960,3.0,0.0,50611.0,1,2012,10,98,459,0,24,6,0,4,6,4,5,7,6,0,0,0,1,0,0,1,Cmp4
126,1277,1960,1.0,1.0,78468.0,0,2014,4,29,434,22,388,104,22,34,1,10,7,10,4,1,0,0,0,0,0,0,Cmp1
127,6384,1978,1.0,0.0,71022.0,1,2014,2,30,909,12,278,0,12,242,3,5,2,11,8,0,0,1,0,0,0,0,Cmp3
128,8029,1988,2.0,0.0,90247.0,0,2014,4,27,1184,32,352,21,16,16,1,3,4,7,1,1,0,0,1,1,0,1,"Cmp1, Cmp4, Cmp5"
129,6988,1986,1.0,2.0,71952.0,1,2013,1,93,656,80,455,52,107,93,2,8,4,8,4,0,0,1,0,1,0,0,"Cmp3, Cmp5"
130,3336,1948,3.0,1.0,66375.0,1,2013,11,96,712,0,45,0,0,191,3,2,4,5,7,0,0,1,0,0,0,0,Cmp3
131,4301,1971,2.0,2.0,35178.0,1,2013,1,10,23,1,13,2,2,18,1,1,1,2,7,0,0,1,0,0,0,1,Cmp3
132,3619,1960,2.0,0.0,87305.0,0,2012,9,19,345,25,501,63,138,80,1,5,3,8,2,0,0,0,0,1,0,1,Cmp5
133,4692,1976,1.0,2.0,7500.0,1,2012,8,19,7,0,12,13,7,32,5,4,1,2,9,0,0,1,0,0,0,1,Cmp3
134,6086,1955,1.0,2.0,80395.0,0,2013,11,62,445,25,706,80,76,48,1,6,5,12,2,1,0,0,0,0,0,0,Cmp1
135,11101,1991,1.0,1.0,89891.0,0,2013,4,17,412,22,132,59,28,183,1,11,6,8,4,0,0,0,0,1,0,0,Cmp5
136,10430,1973,1.0,0.0,89694.0,2,2013,10,22,1126,28,211,37,28,42,3,4,3,4,5,1,0,0,1,1,0,0,"Cmp1, Cmp4, Cmp5"
137,7875,1949,1.0,2.0,72025.0,0,2014,4,46,967,0,617,43,50,0,1,4,8,13,2,1,0,0,1,1,0,1,"Cmp1, Cmp4, Cmp5"
138,5278,1964,1.0,2.0,82224.0,0,2014,1,83,307,26,360,138,31,40,1,6,9,5,3,1,0,0,0,0,0,0,Cmp1
139,3560,1952,1.0,1.0,83844.0,0,2013,5,57,901,31,345,75,31,191,1,4,4,11,1,0,0,0,0,1,0,0,Cmp5
140,2281,1970,1.0,0.0,33697.0,1,2013,9,34,4,3,7,0,3,11,1,1,0,2,7,0,0,1,0,0,0,0,Cmp3
141,4073,1954,2.0,2.0,63564.0,0,2014,1,0,769,80,252,15,34,65,1,10,10,7,6,0,0,1,0,0,0,1,Cmp3
142,3667,1969,1.0,2.0,80952.0,0,2013,2,20,778,178,689,41,27,44,1,8,5,11,8,1,0,0,1,1,0,1,"Cmp1, Cmp4, Cmp5"
143,7573,1978,3.0,0.0,31626.0,1,2013,5,12,39,1,9,2,1,34,1,2,1,2,7,0,0,1,0,0,0,1,Cmp3
144,6299,1968,3.0,0.0,42564.0,1,2013,1,28,324,48,186,39,18,198,6,6,8,4,7,0,0,1,0,0,0,1,Cmp3
145,10846,1978,2.0,2.0,43783.0,1,2014,5,22,327,9,125,25,4,139,6,7,1,8,7,0,0,1,0,0,0,0,Cmp3
146,10446,1957,3.0,2.0,82017.0,0,2012,11,58,184,23,446,30,23,23,1,5,4,7,2,1,0,0,1,1,0,1,"Cmp1, Cmp4, Cmp5"
147,3479,1950,1.0,0.0,16813.0,0,2013,7,49,4,8,11,12,2,13,1,2,0,3,7,0,0,1,0,0,0,0,Cmp3
148,199,1962,2.0,0.0,45183.0,0,2013,1,33,219,3,60,12,9,12,1,4,1,7,7,0,0,0,1,0,0,0,Cmp4
149,3483,1958,1.0,2.0,48192.0,0,2013,4,76,1039,43,204,153,58,29,3,2,8,12,8,1,1,0,1,0,0,1,"Cmp1, Cmp2, Cmp4"
150,2350,1972,1.0,2.0,59666.0,2,2013,3,87,623,53,178,23,17,133,7,3,2,8,8,0,0,0,1,0,0,0,Cmp4
151,9493,1980,3.0,0.0,76412.0,0,2013,5,15,840,53,804,23,71,17,1,5,4,8,3,1,0,0,0,1,0,1,"Cmp1, Cmp5"
152,1,1961,1.0,0.0,57091.0,0,2014,6,0,464,5,64,7,0,37,1,7,3,7,5,0,1,0,0,0,0,1,Cmp2
153,5536,1959,1.0,1.0,87771.0,1,2013,5,61,1492,38,287,50,57,33,1,5,10,4,6,1,1,0,1,1,0,1,"Cmp1, Cmp2, Cmp4, Cmp5"
154,9499,1954,1.0,2.0,93404.0,3,2013,5,97,1279,15,287,20,0,15,3,3,4,7,5,0,0,0,1,1,0,0,"Cmp4, Cmp5"
155,5121,1977,1.0,0.0,56628.0,1,2014,3,30,479,5,82,7,17,171,2,7,6,5,5,0,0,1,0,0,0,0,Cmp3
156,5848,1970,1.0,1.0,81205.0,0,2014,1,43,724,74,929,97,55,130,1,5,6,7,2,0,1,1,0,1,0,1,"Cmp2, Cmp3, Cmp5"
157,4856,1957,2.0,2.0,82347.0,0,2012,11,38,556,54,845,202,133,63,1,7,7,10,3,1,0,1,0,0,0,0,"Cmp1, Cmp3"
158,7186,1966,3.0,1.0,30843.0,2,2014,5,43,24,0,2,0,0,9,2,1,1,2,5,0,0,1,0,0,0,0,Cmp3
159,5794,1974,3.0,2.0,46374.0,1,2014,3,1,408,0,21,0,0,17,3,7,1,7,8,1,0,0,1,0,0,1,"Cmp1, Cmp4"
160,1031,1989,2.0,2.0,85710.0,0,2013,5,5,600,20,350,29,30,33,1,6,9,10,2,0,0,0,0,1,0,0,Cmp5
161,10140,1983,3.0,1.0,70123.0,0,2013,9,27,1308,0,396,23,0,0,1,5,7,4,3,0,1,0,1,0,0,0,"Cmp2, Cmp4"
162,9353,1959,1.0,0.0,62450.0,1,2014,1,61,515,47,267,62,66,38,2,5,5,4,3,0,0,0,1,0,0,0,Cmp4
163,4789,1953,1.0,1.0,80812.0,0,2013,9,95,769,22,500,210,143,33,1,4,8,5,2,1,0,1,0,1,0,0,"Cmp1, Cmp3, Cmp5"
164,8443,1972,1.0,0.0,24762.0,1,2014,2,16,6,10,12,3,15,40,3,3,1,2,8,0,0,1,0,0,0,1,Cmp3
165,1928,1973,1.0,2.0,31814.0,1,2013,2,73,35,3,20,4,1,20,2,2,0,3,9,0,0,1,0,0,0,0,Cmp3
166,8800,1943,3.0,0.0,48948.0,0,2013,2,53,437,8,206,160,49,42,2,7,10,5,6,0,0,1,0,0,0,1,Cmp3
167,10150,1961,1.0,0.0,86429.0,0,2013,11,10,464,28,873,29,18,37,0,7,4,7,2,1,0,0,0,0,0,1,Cmp1
168,10619,1994,1.0,0.0,95529.0,0,2012,12,29,770,29,890,250,27,24,1,7,3,7,3,0,0,0,0,1,0,1,Cmp5
169,8362,1982,3.0,2.0,84169.0,0,2013,8,9,1478,19,403,0,19,0,1,7,6,6,3,0,0,0,1,1,0,1,"Cmp4, Cmp5"
170,4637,1954,3.0,0.0,74637.0,0,2013,5,73,960,64,464,146,0,16,1,6,9,9,3,1,0,0,0,0,0,0,Cmp1
171,9972,1955,3.0,1.0,46015.0,2,2014,4,25,38,0,2,0,0,6,1,1,0,3,7,0,1,1,0,0,0,0,"Cmp2, Cmp3"
172,8931,1986,1.0,1.0,83033.0,1,2014,5,82,812,99,431,237,149,33,1,11,4,10,5,1,0,0,0,0,0,0,Cmp1
173,2008,1978,1.0,2.0,77583.0,0,2014,2,93,372,23,384,250,12,108,1,4,5,9,2,1,0,0,0,0,0,0,Cmp1
174,3139,1982,2.0,0.0,74116.0,0,2013,12,53,871,111,704,145,55,166,1,4,4,10,2,0,0,0,1,0,0,0,Cmp4
175,7922,1951,3.0,0.0,64950.0,1,2012,8,29,819,0,72,12,0,63,2,11,2,10,7,0,0,0,1,0,0,0,Cmp4
176,1204,1970,3.0,2.0,67536.0,1,2013,5,45,1253,0,447,23,71,35,3,11,5,11,8,1,0,0,0,0,0,0,Cmp1
177,6810,1983,1.0,0.0,82025.0,0,2013,5,76,267,98,606,48,70,98,1,3,2,6,1,0,0,0,0,1,0,1,Cmp5
178,5386,1953,1.0,1.0,94384.0,0,2013,3,62,1111,24,790,160,45,172,0,5,8,5,2,1,0,0,1,1,0,1,"Cmp1, Cmp4, Cmp5"
179,3202,1987,3.0,2.0,51563.0,0,2012,10,60,1166,0,48,0,0,36,1,4,4,10,8,0,0,0,1,1,0,0,"Cmp4, Cmp5"
180,6387,1976,3.0,1.0,52190.0,2,2014,5,39,42,0,17,0,0,18,3,2,1,3,5,0,0,1,0,0,0,0,Cmp3
181,10489,1973,1.0,2.0,92955.0,0,2013,8,35,693,21,925,31,24,84,1,6,7,9,2,1,0,0,0,1,0,1,"Cmp1, Cmp5"
182,2611,1959,2.0,1.0,82576.0,0,2012,8,66,1206,55,445,168,18,18,1,2,4,12,1,0,0,0,0,1,0,0,Cmp5
183,5407,1954,1.0,1.0,53103.0,1,2013,9,70,729,17,133,11,0,195,5,10,6,7,7,0,0,1,0,0,0,0,Cmp3
184,5718,1950,1.0,2.0,80763.0,0,2013,8,17,674,168,108,192,42,231,1,5,11,6,3,1,0,0,0,1,0,1,"Cmp1, Cmp5"
185,4580,1969,1.0,2.0,75759.0,0,2013,10,46,1394,22,708,89,91,182,1,9,7,9,5,1,0,1,0,1,0,1,"Cmp1, Cmp3, Cmp5"
186,8545,1954,1.0,0.0,85683.0,0,2014,3,6,1296,17,311,45,69,51,1,2,4,10,1,1,1,0,1,1,0,1,"Cmp1, Cmp2, Cmp4, Cmp5"
187,7378,1981,2.0,1.0,42021.0,1,2012,8,34,393,5,136,7,5,27,5,10,1,6,9,0,0,1,0,0,0,0,Cmp3
188,8492,1978,1.0,1.0,75437.0,0,2013,11,25,795,0,545,95,58,0,1,8,4,10,6,1,0,0,0,0,0,0,Cmp1
189,1212,1973,1.0,2.0,52845.0,1,2013,8,7,384,25,292,130,41,64,3,8,8,6,6,0,0,1,0,0,0,0,Cmp3
190,10473,1956,3.0,0.0,78028.0,1,2012,9,38,158,19,288,25,0,38,1,6,4,9,7,0,0,0,1,1,0,1,"Cmp4, Cmp5"
191,7962,1987,3.0,0.0,95169.0,0,2013,10,1,1285,21,449,106,20,20,1,4,3,4,1,1,0,0,0,1,0,1,"Cmp1, Cmp5"
192,9984,1981,2.0,2.0,56337.0,2,2013,3,25,349,16,144,28,5,182,5,8,5,4,8,1,0,1,0,0,0,1,"Cmp1, Cmp3"
193,7453,1954,1.0,0.0,36130.0,1,2013,2,46,157,43,127,68,56,37,6,3,8,4,4,0,0,1,0,0,0,1,Cmp3
194,241,1952,1.0,1.0,83844.0,0,2013,5,57,901,31,345,75,31,191,1,4,4,11,1,0,0,0,0,1,0,0,Cmp5
195,8975,1968,1.0,2.0,19514.0,2,2014,1,47,14,3,21,2,1,28,4,3,1,2,8,0,0,1,0,0,0,0,Cmp3
196,5236,1979,1.0,1.0,77568.0,1,2012,8,30,1230,0,396,232,178,158,1,10,2,8,5,1,0,0,1,1,0,0,"Cmp1, Cmp4, Cmp5"
197,7010,1965,2.0,2.0,70924.0,0,2014,4,41,635,114,254,132,152,76,1,6,6,7,3,0,0,0,0,1,0,0,Cmp5
198,3706,1978,1.0,0.0,28647.0,1,2013,8,54,19,8,29,0,12,26,1,2,2,2,7,0,0,1,0,0,0,1,Cmp3
199,5204,1971,1.0,1.0,74538.0,0,2013,6,21,380,98,733,110,112,28,1,8,8,5,3,0,0,0,0,1,0,1,Cmp5
200,1020,1973,1.0,2.0,79593.0,0,2014,5,70,350,60,568,110,133,145,1,5,6,7,2,0,0,0,0,1,0,0,Cmp5
201,6019,1971,3.0,2.0,37126.0,1,2014,3,9,45,3,9,4,4,7,1,1,2,2,6,0,0,1,0,0,0,1,Cmp3
202,3717,1959,1.0,2.0,61180.0,1,2014,4,70,403,24,29,6,24,218,2,5,5,6,3,0,0,1,0,0,0,0,Cmp3
203,4998,1962,1.0,1.0,76081.0,0,2014,5,85,292,30,415,63,33,200,1,4,5,4,2,1,0,0,0,0,0,0,Cmp1
204,966,1966,1.0,2.0,44529.0,1,2013,7,98,538,13,91,17,6,26,6,6,2,11,5,0,0,0,1,0,0,0,Cmp4
205,4767,1965,2.0,2.0,70924.0,0,2014,4,41,635,114,254,132,152,76,1,6,6,7,3,0,0,0,0,1,0,0,Cmp5
206,9725,1966,3.0,1.0,28764.0,2,2014,6,16,8,0,3,0,0,1,1,1,0,2,8,0,0,1,0,0,0,0,Cmp3
207,4491,1949,2.0,2.0,62845.0,2,2012,10,3,1099,0,45,0,0,34,11,3,4,10,8,0,0,0,1,0,0,0,Cmp4
208,3759,1958,1.0,1.0,65196.0,2,2013,7,34,743,19,181,12,0,200,2,7,6,11,5,0,0,1,0,0,0,0,Cmp3
209,2055,1973,3.0,0.0,35860.0,2,2014,5,37,15,0,8,4,2,20,2,1,1,2,5,0,0,1,0,0,0,0,Cmp3
210,3005,1992,1.0,0.0,83528.0,0,2014,5,7,530,117,678,134,44,147,1,4,10,8,1,1,0,1,0,0,0,1,"Cmp1, Cmp3"
211,6421,1961,1.0,1.0,88347.0,0,2013,7,32,1050,178,555,77,138,118,1,4,7,9,1,1,0,0,0,0,0,0,Cmp1
212,4207,1981,3.0,2.0,87171.0,0,2013,5,27,1001,44,107,58,44,44,1,6,7,11,2,0,0,1,0,1,0,0,"Cmp3, Cmp5"
213,6072,1970,2.0,0.0,75345.0,0,2013,2,16,918,57,842,99,38,133,1,5,8,6,3,1,0,0,0,0,0,1,Cmp1
214,1509,1958,3.0,1.0,84460.0,0,2013,1,80,152,27,103,106,54,81,0,9,9,4,5,1,1,0,1,1,0,1,"Cmp1, Cmp2, Cmp4, Cmp5"
215,1127,1973,3.0,2.0,85844.0,0,2014,5,62,938,19,843,25,95,38,1,6,6,7,2,0,0,0,0,1,0,0,Cmp5
216,5538,1975,1.0,0.0,83829.0,0,2013,10,78,897,161,430,186,161,27,0,4,7,6,1,1,0,1,0,1,0,1,"Cmp1, Cmp3, Cmp5"
217,146,1960,3.0,0.0,76045.0,0,2013,11,78,760,53,400,17,93,0,1,4,5,11,2,1,0,0,0,0,0,0,Cmp1
218,4741,1974,2.0,2.0,65463.0,1,2014,1,17,391,32,70,21,32,16,2,6,2,9,5,0,0,0,1,0,0,0,Cmp4
219,1524,1983,2.0,0.0,81698.0,0,2013,3,1,709,45,115,30,160,45,1,8,2,5,5,1,0,0,0,0,0,1,Cmp1
220,7451,1960,2.0,0.0,98777.0,0,2014,2,23,1000,19,711,125,115,38,0,4,6,9,1,0,0,0,1,0,0,0,Cmp4
221,4356,1971,1.0,1.0,71819.0,1,2013,8,70,1224,28,140,0,14,168,3,3,3,5,6,0,0,0,1,1,0,0,"Cmp4, Cmp5"
222,3885,1983,3.0,2.0,33569.0,1,2013,10,10,16,2,18,3,0,24,1,1,1,2,8,0,0,1,0,0,0,1,Cmp3
223,1175,1983,2.0,2.0,36262.0,0,2013,9,24,88,39,54,64,28,153,1,3,5,3,6,0,0,1,0,0,0,1,Cmp3
224,3412,1951,2.0,2.0,67381.0,1,2013,1,67,815,8,53,11,0,70,4,2,2,9,7,0,0,0,1,0,0,0,Cmp4
225,2975,1976,1.0,1.0,85606.0,1,2012,11,89,717,42,864,219,30,84,2,6,7,9,3,1,0,0,0,0,0,0,Cmp1
226,2894,1985,1.0,0.0,72903.0,0,2013,10,74,1067,138,750,0,19,39,1,7,5,8,4,1,0,0,1,1,0,1,"Cmp1, Cmp4, Cmp5"
227,749,1981,1.0,1.0,42162.0,1,2013,11,31,46,7,59,2,4,27,2,3,1,3,6,0,0,1,0,0,0,1,Cmp3
228,10525,1986,1.0,0.0,26576.0,1,2012,10,40,10,0,8,0,0,9,1,1,0,2,9,0,0,1,0,0,0,1,Cmp3
229,5031,1974,1.0,1.0,83145.0,0,2012,9,14,777,35,731,39,137,114,1,5,9,11,2,0,0,0,0,1,0,1,Cmp5
230,6218,1965,1.0,2.0,59594.0,1,2012,10,74,457,4,29,0,0,9,1,8,1,7,7,0,0,0,1,0,0,0,Cmp4
231,193,1996,0.0,2.0,14421.0,0,2014,2,81,0,0,2,3,3,8,1,1,0,2,5,0,0,1,0,0,0,0,Cmp3
232,10660,1957,2.0,2.0,66726.0,2,2014,1,61,349,7,35,0,0,47,3,8,2,4,7,0,0,0,1,0,0,0,Cmp4
233,5735,1991,2.0,0.0,90638.0,0,2014,2,29,1156,120,915,94,144,96,1,3,4,10,1,0,0,0,0,1,0,0,Cmp5
234,1829,1961,3.0,0.0,54959.0,1,2013,1,55,1148,0,60,0,0,24,3,9,5,4,7,0,0,0,1,0,0,1,Cmp4
235,9855,1952,3.0,0.0,62000.0,1,2013,8,25,899,0,101,0,0,20,1,6,6,13,4,1,0,0,0,0,0,0,Cmp1
236,8732,1969,2.0,0.0,67369.0,1,2012,11,81,1298,0,70,37,14,42,4,7,4,10,4,0,0,0,1,1,0,1,"Cmp4, Cmp5"
237,6606,1969,2.0,2.0,70091.0,1,2013,3,11,964,34,137,15,0,11,2,5,2,10,8,0,0,0,1,0,0,0,Cmp4
238,234,1979,1.0,0.0,15287.0,1,2012,10,60,1,2,8,4,3,13,2,1,1,2,7,0,0,1,0,0,0,1,Cmp3
239,1118,1956,2.0,2.0,50965.0,1,2013,2,87,544,13,85,8,6,29,3,10,4,5,8,0,0,1,0,0,0,0,Cmp3
240,7789,1965,3.0,2.0,84618.0,0,2013,11,96,684,100,801,21,66,0,1,6,9,10,2,0,0,0,0,1,0,0,Cmp5
241,8955,1957,3.0,1.0,40451.0,2,2014,2,54,35,0,4,0,0,10,1,1,1,2,5,0,0,1,0,0,0,0,Cmp3
242,5644,1957,1.0,1.0,42213.0,1,2013,10,96,309,3,24,4,3,20,2,5,1,7,7,0,0,0,1,0,0,0,Cmp4
243,2324,1972,1.0,1.0,77044.0,1,2013,10,12,625,38,242,50,34,76,2,7,11,11,4,0,0,1,0,0,0,0,Cmp3
244,697,1969,1.0,1.0,74918.0,0,2013,3,78,972,59,913,25,19,59,1,5,9,6,3,0,0,0,0,1,0,0,Cmp5
245,1627,1957,2.0,0.0,77297.0,0,2013,1,84,408,61,109,48,122,41,1,5,7,9,4,1,0,0,0,0,0,0,Cmp1
246,938,1981,1.0,2.0,40211.0,2,2013,7,30,51,1,7,2,1,25,2,2,1,2,8,0,0,1,0,0,0,0,Cmp3
247,4058,1955,3.0,0.0,61284.0,0,2013,10,76,618,15,106,20,7,45,1,11,2,8,6,0,0,0,1,0,0,0,Cmp4
248,7736,1986,1.0,2.0,22518.0,1,2012,10,36,11,7,12,2,2,27,2,2,1,2,5,0,0,1,0,0,0,1,Cmp3
249,9757,1972,1.0,1.0,84906.0,0,2013,10,98,997,15,414,99,30,76,1,5,6,12,2,0,1,0,1,1,0,0,"Cmp2, Cmp4, Cmp5"
250,4138,1962,1.0,0.0,76624.0,1,2014,5,68,411,106,147,54,115,66,1,5,10,7,1,0,0,1,0,0,0,0,Cmp3
251,10833,1975,1.0,2.0,65106.0,1,2014,5,55,790,19,133,12,0,19,3,8,3,13,6,0,0,0,1,0,0,0,Cmp4
252,9606,1965,3.0,2.0,69969.0,0,2013,8,64,882,29,514,38,29,44,1,4,2,6,3,1,0,0,0,1,0,1,"Cmp1, Cmp5"
253,8534,1952,1.0,2.0,67433.0,2,2013,7,51,615,28,259,12,48,30,4,6,5,13,4,0,0,0,1,0,0,0,Cmp4
254,5153,1967,3.0,2.0,77766.0,1,2013,2,97,1004,59,265,115,59,27,2,11,10,11,6,0,0,1,0,0,0,1,Cmp3
255,5493,1976,1.0,2.0,39356.0,2,2014,3,21,15,0,2,0,0,6,1,1,0,2,6,0,0,1,0,0,0,0,Cmp3
256,2147,1969,1.0,1.0,76653.0,0,2013,8,91,736,63,946,219,189,126,1,4,7,11,2,1,0,0,0,1,0,0,"Cmp1, Cmp5"
257,5107,1973,3.0,0.0,35860.0,2,2014,5,37,15,0,8,4,2,20,2,1,1,2,5,0,0,1,0,0,0,0,Cmp3
258,3979,1983,3.0,0.0,90687.0,0,2013,5,98,982,17,672,23,34,51,1,6,2,8,2,0,0,0,0,1,0,1,Cmp5
259,6049,1982,2.0,1.0,73450.0,0,2013,12,85,1142,51,415,90,69,37,1,7,8,11,3,1,0,1,0,0,0,0,"Cmp1, Cmp3"
260,3910,1975,1.0,0.0,83829.0,0,2013,10,78,897,161,430,186,161,27,0,4,7,6,1,1,0,1,0,1,0,1,"Cmp1, Cmp3, Cmp5"
261,1740,1944,1.0,2.0,55956.0,0,2014,4,22,760,38,104,50,9,38,2,7,3,4,4,0,0,0,1,0,0,0,Cmp4
262,195,1972,1.0,0.0,38808.0,1,2012,8,21,125,17,52,3,19,30,4,5,1,4,8,0,0,1,0,0,0,1,Cmp3
263,10319,1971,1.0,2.0,66303.0,1,2013,2,56,1090,12,96,16,12,60,4,3,4,11,8,0,0,0,1,0,0,0,Cmp4
264,2296,1975,2.0,2.0,37368.0,1,2013,12,4,3,2,11,2,2,10,1,1,0,2,6,0,0,1,0,0,0,0,Cmp3
265,2931,1978,1.0,0.0,71847.0,0,2012,9,95,737,21,106,55,63,210,0,6,7,9,3,1,0,0,0,0,0,0,Cmp1
266,3698,1983,1.0,1.0,78687.0,0,2012,8,13,817,185,687,145,55,241,1,4,6,8,2,0,0,0,0,1,0,1,Cmp5
267,9516,1971,2.0,0.0,49118.0,0,2012,8,90,620,54,239,99,98,119,2,9,7,10,7,0,1,0,1,0,0,1,"Cmp2, Cmp4"
268,339,1972,3.0,2.0,57091.0,1,2012,11,82,462,0,24,6,0,4,2,9,2,5,7,0,0,0,1,0,0,1,Cmp4
269,9010,1972,2.0,2.0,83151.0,0,2013,2,80,968,147,842,137,42,210,1,5,7,10,2,1,0,1,0,1,0,1,"Cmp1, Cmp3, Cmp5"
270,5543,1966,1.0,1.0,57811.0,1,2013,6,49,545,7,114,37,21,78,5,7,2,11,5,0,0,0,1,0,0,0,Cmp4
271,1577,1946,1.0,2.0,78569.0,0,2014,2,14,558,79,622,207,175,95,1,4,6,4,1,0,0,0,0,1,0,1,Cmp5
272,6024,1953,1.0,1.0,94384.0,0,2013,3,62,1111,24,790,160,45,172,0,5,8,5,2,1,0,0,1,1,0,1,"Cmp1, Cmp4, Cmp5"
273,6055,1979,1.0,2.0,71626.0,0,2012,11,94,546,72,376,94,145,72,1,5,5,8,3,0,0,0,1,0,0,0,Cmp4
274,4394,1965,3.0,2.0,81051.0,0,2014,5,43,1142,29,249,38,29,14,1,5,5,12,2,0,0,0,1,1,0,0,"Cmp4, Cmp5"
275,5758,1982,1.0,2.0,65169.0,0,2014,1,23,1074,0,69,0,0,46,1,10,4,13,6,1,1,1,0,1,0,1,"Cmp1, Cmp2, Cmp3, Cmp5"
276,9206,1968,1.0,1.0,77382.0,1,2014,1,36,491,48,231,112,105,134,2,5,7,12,1,0,0,0,0,1,0,0,Cmp5
277,10971,1977,1.0,0.0,37774.0,2,2012,9,28,173,8,107,7,2,176,4,7,2,3,9,0,0,1,0,0,1,1,Cmp3
278,158,1945,3.0,1.0,71604.0,0,2013,11,3,345,53,528,98,75,97,1,8,3,5,4,0,0,1,0,0,0,1,Cmp3
279,1945,1962,1.0,2.0,71434.0,1,2013,9,4,711,36,217,172,96,168,3,7,4,7,4,1,0,0,1,0,0,0,"Cmp1, Cmp4"
280,2535,1978,2.0,2.0,88097.0,1,2012,8,24,163,0,480,0,126,75,1,6,5,8,9,1,0,0,1,1,0,1,"Cmp1, Cmp4, Cmp5"
281,9386,1962,1.0,1.0,50127.0,1,2014,5,88,274,0,21,4,6,15,1,5,1,6,6,0,0,0,1,0,0,0,Cmp4
282,873,1949,2.0,2.0,62845.0,2,2012,10,3,1099,0,45,0,0,34,11,3,4,10,8,0,0,0,1,0,0,1,Cmp4
283,7793,1976,1.0,1.0,62061.0,1,2013,8,12,641,7,84,0,30,38,3,10,4,7,6,0,0,0,1,0,0,0,Cmp4
284,2407,1982,1.0,2.0,69109.0,0,2012,11,10,823,25,459,124,29,95,1,6,6,7,4,0,0,0,0,1,0,1,Cmp5
285,7912,1978,1.0,2.0,38136.0,1,2013,4,69,8,15,27,0,20,33,2,3,1,2,8,0,0,1,0,0,0,0,Cmp3
286,1384,1992,0.0,2.0,17256.0,1,2013,11,10,6,4,14,8,8,22,2,2,1,2,8,0,0,1,0,0,0,0,Cmp3
287,10507,1977,2.0,0.0,59601.0,1,2013,7,14,691,7,69,0,7,23,4,2,2,7,8,0,0,0,1,0,0,0,Cmp4
288,5675,1960,3.0,0.0,50611.0,1,2012,10,98,459,0,24,6,0,4,6,4,5,7,6,0,0,0,1,0,0,0,Cmp4
289,6770,1985,1.0,2.0,21355.0,1,2013,8,5,5,13,14,0,5,31,2,2,1,2,6,0,0,1,0,0,0,1,Cmp3
290,8773,1971,2.0,1.0,57420.0,1,2013,6,22,280,0,18,0,0,24,3,5,1,6,7,0,0,0,1,0,0,0,Cmp4
291,10909,1948,1.0,2.0,92344.0,0,2014,1,9,992,24,694,51,19,119,0,5,10,5,1,0,0,1,0,1,0,0,"Cmp3, Cmp5"
292,9121,1972,1.0,2.0,80134.0,1,2013,5,40,1218,16,272,104,0,80,2,5,3,6,6,1,0,0,1,1,0,1,"Cmp1, Cmp4, Cmp5"
293,4310,1944,1.0,2.0,80589.0,0,2014,1,25,507,93,520,242,40,26,1,5,10,5,1,1,0,0,0,0,0,1,Cmp1
294,2561,1966,1.0,0.0,63810.0,1,2012,11,45,977,12,253,16,12,101,4,4,3,12,8,0,0,0,1,0,0,0,Cmp4
295,9349,1985,1.0,2.0,92533.0,0,2013,12,84,693,21,118,110,147,42,1,6,5,11,2,1,0,0,0,1,0,0,"Cmp1, Cmp5"
296,922,1979,2.0,2.0,31086.0,2,2013,5,79,16,2,11,3,0,16,2,1,1,2,8,0,0,1,0,0,0,0,Cmp3
297,4530,1948,2.0,0.0,78427.0,0,2012,10,36,972,19,595,180,26,138,3,3,7,10,3,1,0,0,0,0,0,1,Cmp1
298,1553,1946,1.0,1.0,82657.0,0,2013,9,71,966,168,672,246,105,126,1,7,5,10,4,1,0,0,1,0,0,0,"Cmp1, Cmp4"
299,5221,1957,1.0,2.0,52852.0,1,2012,12,93,714,8,99,11,0,47,4,10,7,5,8,0,0,1,0,0,0,0,Cmp3
300,10133,1970,1.0,0.0,93790.0,0,2014,2,16,1302,68,731,89,114,45,0,6,7,12,2,1,0,0,1,1,0,1,"Cmp1, Cmp4, Cmp5"
301,8233,1950,2.0,0.0,64866.0,1,2014,1,9,508,5,21,7,5,10,4,7,3,7,5,0,0,0,1,0,0,0,Cmp4
302,2945,1955,3.0,1.0,46015.0,2,2014,4,25,38,0,2,0,0,6,1,1,0,3,7,0,1,1,0,0,0,0,"Cmp2, Cmp3"
303,7521,1952,1.0,1.0,83844.0,0,2013,5,57,901,31,345,75,31,191,1,4,4,11,1,0,0,0,0,1,0,0,Cmp5
304,4070,1969,3.0,2.0,94871.0,2,2012,9,99,169,24,553,188,0,144,1,8,5,4,7,0,0,0,1,1,0,1,"Cmp4, Cmp5"
305,9559,1961,3.0,2.0,57072.0,1,2014,1,79,944,0,60,0,0,30,2,7,5,13,5,0,0,1,0,0,0,0,Cmp3
306,5529,1946,3.0,1.0,64014.0,3,2014,6,56,406,0,30,0,0,8,7,8,2,5,7,1,0,0,0,0,0,0,Cmp1
307,9743,1955,1.0,2.0,76998.0,1,2013,1,85,1449,89,161,69,35,107,2,11,8,8,6,0,0,0,0,1,0,0,Cmp5
308,1763,1988,1.0,1.0,87679.0,0,2013,7,62,1259,172,815,97,148,33,1,7,11,10,4,1,0,1,0,1,0,1,"Cmp1, Cmp3, Cmp5"
309,2072,1969,3.0,1.0,53374.0,1,2012,8,34,896,10,101,13,10,34,6,4,2,9,9,0,0,1,0,0,0,1,Cmp3
310,3584,1955,3.0,0.0,49667.0,0,2012,8,35,1181,26,120,17,13,39,2,5,10,5,8,0,0,1,0,0,0,1,Cmp3
311,3643,1974,2.0,2.0,63206.0,0,2014,3,65,750,8,125,11,8,26,1,4,3,6,2,0,0,0,0,1,0,0,Cmp5
312,7706,1975,2.0,1.0,46772.0,1,2012,11,88,350,104,189,197,151,57,6,11,8,5,8,0,0,1,0,0,0,0,Cmp3
313,830,1987,3.0,0.0,74004.0,0,2014,2,5,784,48,560,42,176,48,1,4,6,4,3,1,0,0,0,1,0,1,"Cmp1, Cmp5"
314,6050,1975,2.0,2.0,57036.0,1,2012,12,33,1171,43,219,19,14,47,4,6,3,13,9,0,0,1,0,0,0,0,Cmp3
315,125,1958,2.0,1.0,53083.0,2,2013,5,65,215,7,33,3,0,13,6,5,1,5,7,0,0,0,1,0,0,0,Cmp4
316,1079,1971,3.0,2.0,71969.0,1,2012,10,59,1000,0,76,0,0,10,3,3,4,9,8,0,0,0,1,0,0,0,Cmp4
317,7321,1962,1.0,1.0,76081.0,0,2014,5,85,292,30,415,63,33,200,1,4,5,4,2,1,0,0,0,0,0,0,Cmp1
318,955,1962,2.0,1.0,47175.0,2,2012,10,81,167,2,44,6,2,19,7,4,2,4,8,0,0,1,0,0,0,1,Cmp3
319,7476,1964,2.0,0.0,63972.0,1,2012,12,93,928,63,254,0,12,12,4,5,4,10,4,0,0,0,1,0,0,0,Cmp4
320,4261,1946,3.0,0.0,82800.0,0,2012,11,23,1006,22,115,59,68,45,1,7,6,12,3,1,0,0,0,1,0,1,"Cmp1, Cmp5"
321,5350,1991,2.0,0.0,90638.0,0,2014,2,29,1156,120,915,94,144,96,1,3,4,10,1,0,0,0,0,1,0,1,Cmp5
322,9298,1947,3.0,1.0,81574.0,0,2014,4,89,1252,0,465,46,35,0,1,4,5,8,1,0,0,0,1,1,0,0,"Cmp4, Cmp5"
323,1626,1973,3.0,0.0,35860.0,2,2014,5,37,15,0,8,4,2,20,2,1,1,2,5,0,0,1,0,0,0,1,Cmp3
324,2612,1987,1.0,2.0,75794.0,0,2013,12,33,754,160,625,63,32,48,1,7,5,12,3,1,0,0,0,0,0,0,Cmp1
325,10069,1988,0.0,1.0,13724.0,1,2012,8,43,2,7,5,2,15,27,1,2,0,2,9,0,0,1,0,0,0,0,Cmp3
326,3409,1984,1.0,0.0,36108.0,1,2013,10,68,141,8,129,3,11,47,3,7,1,4,9,0,0,1,0,0,0,0,Cmp3
327,5453,1956,2.0,2.0,90226.0,0,2012,9,26,1083,108,649,253,151,108,1,4,7,12,2,1,0,0,0,0,0,0,Cmp1
328,2565,1955,2.0,0.0,70638.0,0,2013,6,69,1016,12,215,16,12,63,1,4,5,10,3,0,0,0,1,0,0,0,Cmp4
329,4656,1990,2.0,0.0,51250.0,1,2013,3,28,342,32,230,34,32,40,5,10,5,4,9,0,0,1,0,0,0,0,Cmp3
330,9242,1990,1.0,0.0,64509.0,0,2013,8,19,836,185,575,24,25,77,1,6,3,9,4,0,0,1,0,0,0,1,Cmp3
331,8286,1965,3.0,1.0,51717.0,1,2013,8,55,98,1,17,0,1,5,1,3,0,4,7,0,0,0,1,0,0,0,Cmp4
332,1665,1964,3.0,0.0,64140.0,2,2013,9,71,1459,0,61,0,15,215,5,2,5,6,5,0,1,1,0,1,0,1,"Cmp2, Cmp3, Cmp5"
333,7005,1981,1.0,0.0,58684.0,0,2014,6,71,479,35,179,28,7,85,1,5,3,12,2,0,0,0,1,0,0,0,Cmp4
334,2781,1981,1.0,0.0,72066.0,0,2014,6,55,1003,34,536,134,51,34,1,4,6,6,2,1,0,0,0,1,0,1,"Cmp1, Cmp5"
335,4127,1967,3.0,2.0,77766.0,1,2013,2,97,1004,59,265,115,59,27,2,11,10,11,6,0,0,1,0,0,0,1,Cmp3
336,8143,1985,3.0,0.0,37929.0,0,2013,7,49,202,2,46,3,2,10,2,4,2,5,7,1,0,0,1,0,0,1,"Cmp1, Cmp4"
337,3690,1986,2.0,2.0,80141.0,0,2013,1,20,1184,102,673,52,40,40,1,7,4,10,6,0,0,0,0,1,0,1,Cmp5
338,3433,1955,2.0,2.0,72635.0,0,2013,6,54,390,22,323,104,35,107,1,6,8,6,3,1,0,0,0,0,0,0,Cmp1
339,1215,1978,1.0,1.0,70440.0,0,2013,10,49,690,117,499,76,102,88,1,5,10,7,3,1,0,0,0,0,0,0,Cmp1
340,2570,1968,1.0,1.0,56534.0,1,2013,7,35,691,7,61,10,0,46,4,10,4,7,8,0,1,0,1,0,0,1,"Cmp2, Cmp4"
341,10742,1983,3.0,2.0,86580.0,0,2013,2,72,532,21,127,26,20,20,0,4,2,5,1,0,0,0,0,1,0,0,Cmp5
342,1351,1956,2.0,1.0,58656.0,1,2012,9,25,962,12,194,16,24,12,4,7,8,13,6,0,0,0,0,1,0,0,Cmp5
343,477,1986,1.0,2.0,83512.0,0,2014,6,31,1060,61,835,80,20,101,1,4,7,10,1,1,1,1,0,1,0,1,"Cmp1, Cmp2, Cmp3, Cmp5"
344,7832,1959,2.0,2.0,77520.0,1,2013,8,30,940,44,396,0,88,58,1,8,7,7,4,1,0,1,0,1,0,1,"Cmp1, Cmp3, Cmp5"
345,7396,1966,1.0,2.0,80398.0,0,2012,11,92,342,51,936,207,35,26,1,5,8,12,3,0,0,0,0,1,0,0,Cmp5
346,3498,1976,3.0,2.0,55424.0,1,2012,11,6,462,61,184,10,53,107,4,7,5,9,6,0,0,1,0,0,0,1,Cmp3
347,1172,1983,3.0,2.0,92491.0,0,2013,5,71,979,44,935,29,25,22,1,7,5,12,3,1,0,0,1,1,0,1,"Cmp1, Cmp4, Cmp5"
348,569,1991,1.0,0.0,90273.0,0,2013,12,32,704,129,853,120,74,111,1,5,6,7,2,1,0,0,1,1,0,1,"Cmp1, Cmp4, Cmp5"
349,4686,1962,3.0,0.0,82571.0,0,2014,4,28,861,31,558,62,95,79,0,6,5,13,2,0,0,0,0,1,0,0,Cmp5
350,4351,1955,1.0,0.0,37244.0,2,2013,4,90,18,2,10,0,0,25,1,1,1,2,7,0,0,1,0,0,0,0,Cmp3
351,10129,1966,1.0,1.0,82427.0,0,2014,3,35,482,147,509,104,107,107,1,3,5,12,1,0,0,0,0,1,0,0,Cmp5
352,5796,1963,1.0,2.0,77437.0,0,2013,11,70,560,21,442,29,44,29,1,4,5,13,1,0,0,0,0,1,0,0,Cmp5
353,10556,1959,1.0,2.0,54984.0,1,2014,5,51,173,13,131,32,3,6,4,6,1,6,7,1,0,0,0,0,0,0,Cmp1
354,48,1964,1.0,1.0,55761.0,1,2014,4,97,136,1,12,0,3,32,2,4,1,3,6,0,0,0,1,0,0,0,Cmp4
355,737,1949,3.0,2.0,80360.0,0,2013,3,56,1493,86,454,112,43,43,2,4,4,5,2,1,0,0,1,1,0,0,"Cmp1, Cmp4, Cmp5"
356,3571,1961,3.0,1.0,63342.0,1,2012,10,48,918,21,118,13,10,21,3,8,3,5,6,0,0,0,1,0,0,1,Cmp4
357,5092,1949,3.0,0.0,51569.0,1,2013,2,39,380,0,47,6,0,34,4,7,1,7,8,0,0,0,1,0,0,1,Cmp4
358,5534,1975,2.0,2.0,47808.0,1,2013,10,30,123,1,26,2,0,72,2,3,2,3,7,0,0,1,0,0,0,0,Cmp3
359,7960,1962,2.0,1.0,82122.0,0,2013,8,89,734,22,350,151,25,100,1,3,9,13,1,0,0,0,0,1,0,0,Cmp5
360,9905,1952,1.0,1.0,34074.0,2,2013,7,69,135,1,41,10,1,67,5,3,3,3,6,0,0,1,0,0,0,0,Cmp3
361,8439,1964,1.0,1.0,63404.0,2,2014,6,97,734,26,70,11,44,17,2,6,3,4,4,1,0,0,0,0,0,0,Cmp1
362,6977,1974,1.0,1.0,75702.0,1,2012,10,87,1073,0,629,145,37,37,1,10,5,13,6,0,0,0,0,1,0,0,Cmp5
363,8397,1951,1.0,2.0,44689.0,2,2014,1,82,18,0,5,0,0,11,2,1,1,2,7,0,0,1,0,0,0,0,Cmp3
364,1990,1974,3.0,0.0,63159.0,0,2012,11,74,965,34,586,89,86,37,1,3,5,8,3,0,0,1,0,0,0,0,Cmp3
365,8093,1969,2.0,2.0,79734.0,0,2014,6,72,572,8,232,23,62,17,1,4,3,6,1,1,0,0,0,0,0,0,Cmp1
366,10513,1992,1.0,1.0,63207.0,0,2013,1,68,438,169,565,91,169,70,1,2,3,6,7,1,0,0,0,0,0,0,Cmp1
367,5782,1982,2.0,1.0,58582.0,1,2013,9,15,402,35,106,101,77,42,2,9,2,9,5,0,0,0,1,0,0,0,Cmp4
368,2415,1962,1.0,1.0,62568.0,1,2014,4,99,362,17,398,80,35,61,3,5,3,5,4,1,0,0,0,0,0,0,Cmp1
369,332,1957,1.0,2.0,47743.0,1,2013,3,56,198,2,43,0,12,20,3,4,1,6,6,0,0,0,1,0,0,0,Cmp4
370,6906,1953,2.0,0.0,84953.0,0,2013,6,73,167,48,602,63,72,72,1,3,10,4,2,1,0,0,1,1,0,1,"Cmp1, Cmp4, Cmp5"
371,7872,1975,3.0,2.0,86836.0,0,2012,9,7,179,21,273,0,21,63,1,6,10,6,5,1,0,1,0,1,0,1,"Cmp1, Cmp3, Cmp5"
372,4427,1995,2.0,0.0,83257.0,0,2012,9,56,536,27,590,38,107,67,1,5,10,12,6,0,0,1,0,1,1,1,"Cmp3, Cmp5"
373,2886,1971,2.0,0.0,74290.0,1,2013,8,70,1121,0,72,0,12,12,4,10,8,10,6,1,0,0,1,0,0,0,"Cmp1, Cmp4"
374,9064,1982,1.0,2.0,69109.0,0,2012,11,10,823,25,459,124,29,95,1,6,6,7,4,0,0,0,0,1,0,1,Cmp5
375,3678,1973,1.0,0.0,60208.0,2,2012,10,13,488,23,71,15,0,59,11,8,3,7,7,0,0,0,1,0,0,1,Cmp4
376,2186,1977,2.0,1.0,82326.0,0,2014,3,30,938,142,754,159,81,183,1,5,10,6,2,1,0,0,1,1,0,1,"Cmp1, Cmp4, Cmp5"
377,1399,1958,1.0,2.0,72905.0,0,2014,1,52,407,114,445,181,165,203,1,3,7,9,1,1,0,0,0,0,0,0,Cmp1
378,8341,1969,3.0,2.0,30396.0,1,2014,4,22,15,0,6,0,1,12,2,1,1,2,7,0,0,1,0,0,0,1,Cmp3
379,6461,1969,2.0,0.0,62772.0,1,2013,5,74,581,49,157,43,8,108,1,5,6,11,2,0,0,0,1,0,0,0,Cmp4
380,5113,1971,3.0,0.0,86979.0,0,2013,11,67,584,100,835,65,83,35,1,5,5,5,2,0,0,1,0,0,0,1,Cmp3
381,2961,1982,1.0,2.0,42081.0,1,2013,2,86,175,10,110,54,6,27,2,6,3,4,6,0,0,1,0,0,0,0,Cmp3
382,3010,1989,2.0,1.0,88420.0,0,2014,5,87,957,153,612,99,95,153,1,4,7,8,1,1,0,1,0,1,0,0,"Cmp1, Cmp3, Cmp5"
383,6892,1968,1.0,0.0,61671.0,1,2014,6,23,641,7,56,0,0,28,8,10,4,6,8,1,0,0,1,0,0,0,"Cmp1, Cmp4"
384,8462,1978,0.0,1.0,24882.0,1,2012,9,52,1,4,10,29,0,36,1,1,1,2,6,0,0,1,0,0,0,0,Cmp3
385,5558,1954,3.0,0.0,90933.0,0,2014,3,90,1020,31,430,62,63,79,1,4,6,4,1,0,0,0,0,1,0,0,Cmp5
386,10951,1968,1.0,2.0,45688.0,1,2014,1,20,279,0,18,0,0,9,2,3,1,8,4,0,0,0,1,0,0,0,Cmp4
387,5623,1980,2.0,2.0,31535.0,1,2013,9,95,15,4,13,0,0,19,1,1,1,2,7,0,0,1,0,0,0,0,Cmp3
388,5544,1970,1.0,0.0,67384.0,1,2012,11,32,957,40,175,158,53,107,2,7,8,5,5,0,0,0,1,0,0,0,Cmp4
389,5831,1967,1.0,2.0,77870.0,1,2012,8,93,1017,50,500,65,50,133,3,5,5,5,8,1,0,0,1,0,0,1,"Cmp1, Cmp4"
390,10176,1968,1.0,0.0,57107.0,1,2012,8,44,159,0,120,0,0,137,7,4,4,8,8,0,1,0,1,0,0,1,"Cmp2, Cmp4"
391,3138,1956,1.0,0.0,91249.0,0,2012,10,84,1324,27,119,71,108,27,0,7,9,6,4,1,1,0,1,1,0,1,"Cmp1, Cmp2, Cmp4, Cmp5"
392,4994,1943,2.0,0.0,77598.0,0,2013,10,53,1193,33,281,129,66,33,1,7,5,13,3,0,0,0,0,1,0,0,Cmp5
393,10872,1969,3.0,2.0,55212.0,1,2012,11,65,1103,0,45,0,0,34,3,4,2,11,8,0,1,0,1,0,0,0,"Cmp2, Cmp4"
394,1139,1984,3.0,2.0,73356.0,0,2014,2,56,1050,14,322,0,14,112,1,5,11,5,2,1,0,1,0,1,0,1,"Cmp1, Cmp3, Cmp5"
395,10448,1956,1.0,0.0,46998.0,1,2012,10,55,172,41,86,45,6,27,5,5,3,5,7,0,0,1,0,0,0,0,Cmp3
396,2109,1990,1.0,0.0,96843.0,0,2013,4,60,448,71,951,40,17,17,1,6,11,10,2,0,0,0,0,1,0,1,Cmp5
397,3009,1962,3.0,0.0,71670.0,0,2013,7,8,1462,16,128,0,0,160,1,5,3,6,6,0,1,0,1,1,0,1,"Cmp2, Cmp4, Cmp5"
398,8537,1949,1.0,0.0,72643.0,0,2013,2,60,526,80,553,123,94,53,1,3,10,7,2,1,0,0,0,0,0,1,Cmp1
399,4331,1978,2.0,1.0,85738.0,0,2014,1,41,913,26,376,17,26,13,1,3,6,11,1,0,0,0,1,1,0,0,"Cmp4, Cmp5"
400,6281,1966,1.0,0.0,55686.0,1,2013,2,27,673,0,199,37,47,26,2,6,3,5,4,0,0,1,0,0,0,0,Cmp3
401,4338,1983,1.0,0.0,39062.0,1,2014,3,28,23,0,9,0,0,12,1,1,0,3,4,0,0,1,0,0,0,0,Cmp3
402,10913,1984,2.0,0.0,31385.0,1,2012,12,56,3,2,12,0,1,9,1,1,0,2,8,0,0,1,0,0,0,1,Cmp3
403,3334,1951,1.0,2.0,94642.0,0,2014,2,35,879,143,797,106,143,143,0,5,7,9,1,1,0,0,0,1,0,0,"Cmp1, Cmp5"
404,10949,1963,3.0,0.0,72968.0,0,2013,12,8,1092,37,592,145,37,55,1,5,5,8,3,1,0,0,0,0,0,1,Cmp1
405,6248,1947,2.0,0.0,91712.0,0,2013,10,47,1276,24,746,94,29,48,0,9,7,11,3,0,0,0,0,1,0,1,Cmp5
406,10164,1958,1.0,0.0,94472.0,1,2014,4,75,1017,33,417,108,100,16,1,5,5,5,5,0,0,0,1,1,0,0,"Cmp4, Cmp5"
407,6815,1980,2.0,2.0,96547.0,0,2014,5,4,448,21,125,52,101,62,0,7,6,8,2,1,0,1,0,1,0,1,"Cmp1, Cmp3, Cmp5"
408,4122,1975,1.0,2.0,79205.0,0,2012,8,73,504,23,117,179,28,44,1,6,5,4,4,1,0,0,0,0,0,1,Cmp1
409,5370,1973,3.0,2.0,32644.0,1,2013,1,38,239,3,141,0,7,23,4,7,1,6,8,0,0,1,0,0,0,0,Cmp3
410,405,1964,1.0,0.0,41638.0,1,2013,2,68,315,0,31,4,0,91,4,5,5,3,8,0,0,1,0,0,0,0,Cmp3
411,500,1977,1.0,1.0,96876.0,0,2013,8,79,908,43,735,40,194,21,1,7,7,9,2,1,0,0,1,1,0,1,"Cmp1, Cmp4, Cmp5"
412,9323,1949,2.0,1.0,49912.0,1,2012,9,5,520,8,223,32,49,42,4,10,5,7,8,0,0,1,0,0,0,1,Cmp3
413,3945,1947,3.0,0.0,68117.0,1,2013,3,80,618,44,215,0,17,36,2,11,8,4,6,0,0,1,0,0,0,1,Cmp3
414,983,1984,1.0,2.0,40059.0,1,2013,9,82,110,29,92,28,10,145,1,6,2,3,8,0,0,1,0,0,0,0,Cmp3
415,5628,1982,1.0,1.0,61416.0,0,2013,2,25,848,154,323,201,61,78,1,10,3,10,6,0,0,1,0,0,0,0,Cmp3
416,10701,1973,1.0,2.0,65308.0,0,2013,9,60,713,0,264,120,80,34,1,7,8,12,4,1,0,0,0,1,0,0,"Cmp1, Cmp5"
417,4426,1975,1.0,0.0,55801.0,2,2013,9,35,367,4,51,6,4,95,6,7,2,6,7,1,0,0,0,0,0,0,Cmp1
418,6343,1959,1.0,2.0,79823.0,1,2014,3,6,835,73,380,114,73,43,1,6,9,7,2,0,0,0,1,0,0,0,Cmp4
419,7734,1993,1.0,0.0,79244.0,0,2012,12,58,471,102,125,212,61,245,1,4,10,7,1,1,0,0,0,1,0,1,"Cmp1, Cmp5"
420,1146,1949,2.0,1.0,49912.0,1,2012,9,5,520,8,223,32,49,42,4,10,5,7,8,0,0,1,0,0,0,1,Cmp3
421,1103,1976,2.0,2.0,81929.0,1,2012,9,60,1486,55,278,49,0,185,2,4,4,10,6,0,0,1,0,1,0,1,"Cmp3, Cmp5"
422,3422,1975,1.0,2.0,76068.0,1,2012,11,67,1115,12,128,33,12,76,1,2,3,4,6,0,1,0,1,0,0,0,"Cmp2, Cmp4"
423,2909,1974,3.0,2.0,78128.0,1,2014,2,89,934,24,230,16,24,36,2,8,4,6,3,0,0,0,1,1,0,0,"Cmp4, Cmp5"
424,340,1970,1.0,0.0,72967.0,1,2012,12,1,158,35,179,0,0,125,2,7,2,8,5,0,0,1,0,0,0,1,Cmp3
425,3104,1961,1.0,0.0,82332.0,0,2012,9,89,830,59,968,51,79,19,1,5,3,12,2,0,0,0,0,1,0,1,Cmp5
426,1008,1981,3.0,1.0,44953.0,0,2012,12,31,728,17,133,11,8,124,1,7,3,13,6,0,0,1,0,0,0,0,Cmp3
427,2115,1957,1.0,1.0,50116.0,2,2014,6,68,54,0,10,0,0,2,2,1,0,4,5,0,0,0,1,0,0,0,Cmp4
428,2088,1972,1.0,1.0,84906.0,0,2013,10,98,997,15,414,99,30,76,1,5,6,12,2,0,1,0,1,1,0,0,"Cmp2, Cmp4, Cmp5"
429,6292,1986,3.0,2.0,82333.0,0,2013,3,60,1311,0,359,46,89,17,1,4,3,10,2,0,0,0,0,1,0,1,Cmp5
430,3919,1976,2.0,0.0,72309.0,0,2013,3,64,960,0,883,50,38,0,1,5,6,8,3,1,0,0,0,0,0,1,Cmp1
431,271,1969,1.0,0.0,40590.0,2,2013,10,30,154,0,50,6,11,37,5,3,4,3,6,0,0,1,0,0,0,0,Cmp3
432,5136,1973,1.0,0.0,65333.0,1,2014,1,58,654,7,92,0,15,30,7,9,4,8,6,0,0,0,1,1,0,0,"Cmp4, Cmp5"
433,9790,1957,1.0,0.0,78499.0,0,2013,11,12,912,72,170,47,36,97,1,11,3,4,4,0,0,0,0,1,0,1,Cmp5
434,7233,1972,1.0,2.0,69209.0,0,2012,9,4,496,32,849,229,48,128,2,5,3,6,4,1,0,0,0,0,0,0,Cmp1
435,7699,1969,1.0,0.0,40590.0,2,2013,10,30,154,0,50,6,11,37,5,3,4,3,6,0,0,1,0,0,0,0,Cmp3
436,5186,1955,3.0,2.0,58482.0,1,2014,3,59,576,7,115,19,7,7,2,7,4,9,6,0,0,0,1,0,0,0,Cmp4
437,7313,1949,2.0,0.0,74859.0,0,2013,6,63,570,73,614,133,102,73,1,6,5,11,3,1,0,0,0,0,0,0,Cmp1
438,3520,1990,2.0,0.0,91172.0,0,2013,3,94,162,28,818,0,28,56,0,4,3,7,3,1,1,1,0,1,0,1,"Cmp1, Cmp2, Cmp3, Cmp5"
439,10394,1984,1.0,2.0,90000.0,0,2013,12,91,675,144,133,94,192,241,1,4,8,5,1,1,0,1,0,1,0,0,"Cmp1, Cmp3, Cmp5"
440,9362,1965,1.0,0.0,69263.0,1,2014,3,14,492,5,32,13,5,21,1,9,1,7,6,0,0,0,1,0,0,0,Cmp4
441,3968,1970,2.0,0.0,65706.0,0,2013,6,77,918,10,129,13,0,129,1,11,3,12,7,0,1,0,1,1,0,1,"Cmp2, Cmp4, Cmp5"
442,2829,1955,1.0,2.0,65210.0,1,2014,3,25,626,0,70,0,7,28,2,9,3,8,6,1,0,0,1,0,0,0,"Cmp1, Cmp4"
443,1772,1975,3.0,2.0,79174.0,0,2013,1,2,1074,37,518,193,92,129,1,5,6,7,2,1,0,0,0,1,0,1,"Cmp1, Cmp5"
444,4377,1971,1.0,2.0,52914.0,1,2013,1,32,254,10,44,30,10,227,2,7,3,3,7,0,0,1,0,0,0,0,Cmp3
445,8858,1972,3.0,2.0,44325.0,1,2013,3,69,516,0,21,0,0,5,4,8,2,7,8,0,0,0,1,0,0,0,Cmp4
446,9723,1960,1.0,2.0,67716.0,1,2013,1,8,530,142,217,62,9,56,4,7,4,13,5,0,0,0,1,0,0,0,Cmp4
447,2666,1972,2.0,2.0,76234.0,1,2014,2,21,519,50,167,130,0,41,1,8,3,11,3,0,0,0,1,0,0,0,Cmp4
448,5721,1956,3.0,2.0,84117.0,0,2014,5,60,611,76,749,59,45,26,1,7,10,6,2,0,0,0,0,1,0,0,Cmp5
449,8722,1957,2.0,2.0,82347.0,0,2012,11,38,556,54,845,202,133,63,1,7,7,10,3,1,0,1,0,0,0,1,"Cmp1, Cmp3"
450,7118,1957,1.0,2.0,73803.0,1,2012,8,61,833,80,363,52,26,174,2,9,5,6,6,0,0,1,0,0,0,1,Cmp3
451,10722,1973,1.0,1.0,55593.0,1,2013,8,63,293,8,124,11,4,106,2,6,6,3,6,0,0,1,0,0,0,0,Cmp3
452,2632,1954,1.0,2.0,50501.0,2,2013,6,10,297,0,38,13,0,152,7,5,4,4,6,0,0,1,0,0,0,1,Cmp3
453,4333,1954,1.0,1.0,32144.0,2,2014,3,76,41,0,10,0,0,3,4,2,1,3,7,0,0,0,1,0,0,0,Cmp4
454,7366,1982,2.0,0.0,75777.0,0,2013,7,12,712,26,538,69,13,80,1,3,6,11,1,0,0,0,1,1,0,1,"Cmp4, Cmp5"
455,4286,1970,3.0,0.0,57642.0,1,2014,1,24,580,6,58,8,0,27,3,7,6,6,4,0,0,1,0,0,0,0,Cmp3
456,7004,1984,1.0,0.0,11012.0,1,2013,3,82,24,3,26,7,1,23,3,3,1,2,9,0,0,1,0,0,0,0,Cmp3
457,4001,1946,3.0,1.0,64014.0,3,2014,6,56,406,0,30,0,0,8,7,8,2,5,7,1,0,0,0,0,0,0,Cmp1
458,7270,1981,1.0,0.0,56981.0,0,2014,1,91,908,48,217,32,12,24,1,2,3,13,6,0,0,0,1,0,0,0,Cmp4
